framework,model,profile,logging,model_bytes,core_bytes,operators_bytes,kernels_bytes,cmsis_nn_bytes,registry_bytes,model_operators_core_bytes,full_mram_bytes,excluded_support_bytes,model_sha256,firmware_sha256,elf_sha256,bundle,registration_policy,mean_latency_ms,mean_cycles,accounted_inference_ram_bytes,measurement_scope,boots,measured_inferences,build_id,results_file,inference_memory,reused_previous_collection
TFLM,kws,latency,True,53936,11870,34154,10964,22648,542,99960,239092,139132,aeea436800704fce17b17292e4412630ad856e9d777c044c64ef748a880bd0ae,869fc9ff584a420249687eb56abe0331a856331900ba5dd9136d016b6c98bd7e,d65f9d405c428f22da5826956f0068868873be641347182edaf85242e7eb0c7d,build-e8-tflm-tiny-artifacts-v3,cmsis_nn_int8_when_compatible,6.037758641666667,2415103.4566666665,28136,current_e8_400mhz_logging_on,3,300,build-e8-tflm-tiny-artifacts-v3-latency,e8-tflm-tiny-2026-09-17-v3.json,sram,True
TFLM,kws,size,False,53936,10548,31314,8190,22648,476,95798,222212,126414,aeea436800704fce17b17292e4412630ad856e9d777c044c64ef748a880bd0ae,cfc2dfbf92ccf7263d0a607e02a6e1fed9d8e89bd1556cfa7f88d7ad55f3bb59,a9dadc7dd5ee7b20d8bc5e42b49aea0679785a74bdf9a62a926ed49c1f3712e5,build-e8-tflm-tiny-artifacts-v3,cmsis_nn_int8_when_compatible,,,,current_flash_only_logging_off_no_e8_measurement,,,,,sram,True
ExecuTorch,kws,latency,True,38576,23808,28222,5534,19420,3268,90606,245220,154614,206dc7a286bad78bf60d4671e6a8ca329fc46800b1aae9b81ba4ef8f22e6b1d1,c7098761fdedbd0d4d85b2aeb0a0674dd1ca2718949b010203df47dee39bdfdb,abd6b7ee561910164ef82762ff131e805ab7ed8548fdac38e9e412d804a566bf,build-e8-et-tiny-artifacts-v8-sram-integer-pooling,model_selected_operators_no_primitives,5.825351366666667,2330140.546666667,26628,E8 SRAM logged board run,3,300,build-e8-et-tiny-artifacts-v8-sram-integer-pooling-latency,e8-et-tiny-2026-09-17-v8-sram.json,sram,False
ExecuTorch,kws,size,False,38576,12398,24494,3030,19420,2044,75468,203668,128200,206dc7a286bad78bf60d4671e6a8ca329fc46800b1aae9b81ba4ef8f22e6b1d1,b2f602a74d580f6675b1365df7f110ab9d6b4a0bea74a4d213f3b9102602e3b8,ff1d8d4903a51d91a824b9d78dc13a3da690c60700193b29b83b01a3522eab5a,build-e8-et-tiny-artifacts-v8-sram-integer-pooling,model_selected_operators_no_primitives,,,,Flash only; silent latency/RAM unmeasured,,,build-e8-et-tiny-artifacts-v8-sram-integer-pooling-size,,sram,False
TFLM,ic,latency,True,98496,11860,28756,11666,16548,542,139112,278020,138908,3c002613d1b2475eb51dd78dfb85a546c8ae658dee71cf6ade43b022fe205415,fa349322cab8681a6ffa626be6d1a9d570a6d84de26540dc35f4cc68be80d7a0,0bfb6e4a3f99ea93ee4232afbb904c09a5c295a21de7e7f3fe39c20a5c14280d,build-e8-tflm-tiny-artifacts-v3,cmsis_nn_int8_when_compatible,15.652873183333334,6261149.273333333,55816,current_e8_400mhz_logging_on,3,300,build-e8-tflm-tiny-artifacts-v3-latency,e8-tflm-tiny-2026-09-17-v3.json,sram,True
TFLM,ic,size,False,98496,10538,26076,9052,16548,476,135110,261540,126430,3c002613d1b2475eb51dd78dfb85a546c8ae658dee71cf6ade43b022fe205415,3051154fa0d5491fdf06f9c1b9d7f59f2c94ab9bf53612bb3a455b40e5f07944,93d5850f45455b7beb0722b71a1c302aad71af9221d68214e07e77e42bdd9dd0,build-e8-tflm-tiny-artifacts-v3,cmsis_nn_int8_when_compatible,,,,current_flash_only_logging_off_no_e8_measurement,,,,,sram,True
ExecuTorch,ic,latency,True,91928,23808,21794,5134,13380,3280,137530,294476,156946,e91b8d270ade7c017c298bcc6d4cee26c487c0e6500367c91fbc17606e3c10b2,9480f5c52be6726dec9d9401e4be36dfb239409c6fc52b4238537d4f5deb5d79,fdb602f056bf0ab0bdced37aa7fbaa2b4ed5a5be92e0dff33a1354e054bae906,build-e8-et-tiny-artifacts-v8-sram-integer-pooling,model_selected_operators_no_primitives,15.289585191666667,6115834.076666667,56464,E8 SRAM logged board run,3,300,build-e8-et-tiny-artifacts-v8-sram-integer-pooling-latency,e8-et-tiny-2026-09-17-v8-sram.json,sram,False
ExecuTorch,ic,size,False,91928,12398,18132,2698,13380,2054,122458,253212,130754,e91b8d270ade7c017c298bcc6d4cee26c487c0e6500367c91fbc17606e3c10b2,8560ae4d65dc454b025ee9d44991846a27fd797146765f4ae1ac022cb3ac1677,0b4b6b0b5415160af03237dd63a6611aae326495abefd37714c54ef901f47ff7,build-e8-et-tiny-artifacts-v8-sram-integer-pooling,model_selected_operators_no_primitives,,,,Flash only; silent latency/RAM unmeasured,,,build-e8-et-tiny-artifacts-v8-sram-integer-pooling-size,,sram,False
TFLM,vww,latency,True,333288,11870,34154,10964,22648,542,379312,518444,139132,597a384c8c2c8a1276f04702f25013b7838f2f814f1ca7c174d295b73e3d6b7b,1aa71b6db5288bc25e9d650bc79b44b5b8c9b321ed16303cdff5456711414312,1c5a53c725426ce84915a35048a5fb0b37be20edca9460803ee7002a90df214b,build-e8-tflm-tiny-artifacts-v3,cmsis_nn_int8_when_compatible,23.994316866666665,9597726.746666666,101560,current_e8_400mhz_logging_on,3,300,build-e8-tflm-tiny-artifacts-v3-latency,e8-tflm-tiny-2026-09-17-v3.json,sram,True
TFLM,vww,size,False,333288,10548,31314,8190,22648,476,375150,501564,126414,597a384c8c2c8a1276f04702f25013b7838f2f814f1ca7c174d295b73e3d6b7b,731ea2570bdbca42baed9544e44c8c6a5a50d9f7bd8e242b72fb7031af8b3c57,ef5dc017326151bfa9f3cd77b8ddff0b2c27717103ecaa555b288756807145f4,build-e8-tflm-tiny-artifacts-v3,cmsis_nn_int8_when_compatible,,,,current_flash_only_logging_off_no_e8_measurement,,,,,sram,True
ExecuTorch,vww,latency,True,259144,23808,28222,5534,19420,3268,311174,492940,181766,15fc83830bddb65f8966103d735a4058f8c1284e3159b551549b40df92280b65,98b52d90c52787c413f692fa71a70800b691bb9c6f08349232205200dbc0d1ec,d9864dd58489d5b5a58d5bbbcd80772bb9f6cfec0c308f61b2ef42cbb6649854,build-e8-et-tiny-artifacts-v8-sram-integer-pooling,model_selected_operators_no_primitives,21.449736966666666,8579894.786666667,87196,E8 SRAM logged board run,3,300,build-e8-et-tiny-artifacts-v8-sram-integer-pooling-latency,e8-et-tiny-2026-09-17-v8-sram.json,sram,False
ExecuTorch,vww,size,False,259144,12398,24494,3030,19420,2044,296036,451388,155352,15fc83830bddb65f8966103d735a4058f8c1284e3159b551549b40df92280b65,f372ad6a97fedaeb82c0489900acfce001ec97f5edca6ac9709b500af459f74d,855d22960983b17fbd693262190a782126a440ee051acfdbf06f01e4bc1f12f3,build-e8-et-tiny-artifacts-v8-sram-integer-pooling,model_selected_operators_no_primitives,,,,Flash only; silent latency/RAM unmeasured,,,build-e8-et-tiny-artifacts-v8-sram-integer-pooling-size,,sram,False
TFLM,ad,latency,True,276976,11030,8696,2734,5684,278,296702,430660,133958,87cf24194ef93d1d9b11a591d805526b98008e351655d29883c825c9c106ba24,0fb6aff1aeae67b92df5083a2f61ac592f9c7b8ef04992457d4b0ccc1b03184b,ab9ab99e15fe5853ff6f53de3c4991262d6b7a19311851f842e032df6511b65a,build-e8-tflm-tiny-artifacts-v3,cmsis_nn_int8_when_compatible,1.2046501833333332,481860.0733333333,9876,current_e8_400mhz_logging_on,3,300,build-e8-tflm-tiny-artifacts-v3-latency,e8-tflm-tiny-2026-09-17-v3.json,sram,True
TFLM,ad,size,False,276976,9748,7978,2060,5684,234,294702,419444,124742,87cf24194ef93d1d9b11a591d805526b98008e351655d29883c825c9c106ba24,c084092aba8db274590cde93042b2e9b63eff0baef43c7e13d766b431b5d1bba,855b996391e7d496f393bc2861151a1a18213fea3f1de63d7712cf4b36abaeed,build-e8-tflm-tiny-artifacts-v3,cmsis_nn_int8_when_compatible,,,,current_flash_only_logging_off_no_e8_measurement,,,,,sram,True
ExecuTorch,ad,latency,True,278560,23808,4040,456,1552,2032,306408,457124,150716,ced0e14f92f39f467ddad0312de5856574414b2c99cf05be957db01921a07d5e,a0a8f08e6a549f84d929096fe1e73ceca772acd758f0cce7f4d8fd78c56ec14e,9a3ddad26e8937185180d3656151d00164b1ca752efef121984185aa3a11eba4,build-e8-et-tiny-artifacts-v8-sram-integer-pooling,model_selected_operators_no_primitives,1.20795965,483183.86,5320,E8 SRAM logged board run,3,300,build-e8-et-tiny-artifacts-v8-sram-integer-pooling-latency,e8-et-tiny-2026-09-17-v8-sram.json,sram,False
ExecuTorch,ad,size,False,278560,12398,2924,280,1552,1092,293882,421700,127818,ced0e14f92f39f467ddad0312de5856574414b2c99cf05be957db01921a07d5e,50bdcb79a20c1dc74f8bd3e7444e845cb9d0abc1af78109a1b440a0babb70e4a,8b550cd741d512708e79acaac4e06f3e8e832d251f3cd1bde6e2213f6dfa959a,build-e8-et-tiny-artifacts-v8-sram-integer-pooling,model_selected_operators_no_primitives,,,,Flash only; silent latency/RAM unmeasured,,,build-e8-et-tiny-artifacts-v8-sram-integer-pooling-size,,sram,False
TFLM,kws,historical_O3,True,53936,18032,76880,18508,56776,1596,148848,,,,,d5bf4881707f14304ec04c721dd9ce9b1905a96c58ba64504e5d61a4524296c6,build-e8-tflm-tiny-artifacts,generic,6.0368991916666666,2414759.6766666668,28136,historical_e8_400mhz_logging_on,,,,,,
ExecuTorch,kws,historical_O3,True,42800,39188,35932,9740,20228,5964,117920,,,,,432e7f1014fbab647e700767ac1475ea4636e7d2e1730941c458db9c1eb2840e,build-e8-et-tiny-artifacts-v4,export_selected_cortex_m,6.339553191666667,2535821.276666667,49916,historical_e8_400mhz_logging_on,,,,,,
TFLM,ic,historical_O3,True,98496,17968,76604,31692,43312,1600,193068,,,,,8549a14b747bcba38f3e1d630151051466df1ee4dbd347fc082e86a4ab8aa863,build-e8-tflm-tiny-artifacts,generic,15.720398091666667,6288159.236666666,55816,historical_e8_400mhz_logging_on,,,,,,
ExecuTorch,ic,historical_O3,True,95896,39188,24652,5592,14156,4904,159736,,,,,f13d8ec853e141f52c3aa38aaa7f419568ddced23ab862ca4434a46f3c7419aa,build-e8-et-tiny-artifacts-v4,export_selected_cortex_m,15.172445224999999,6068978.09,59744,historical_e8_400mhz_logging_on,,,,,,
TFLM,vww,historical_O3,True,333288,18032,76880,18508,56776,1596,428200,,,,,31b5d9b1fa36ec78a9f2dca6b2fc1b0009023d57e9aa6847528f4c7d612bc834,build-e8-tflm-tiny-artifacts,generic,23.901726016666665,9560690.406666666,101560,historical_e8_400mhz_logging_on,,,,,,
ExecuTorch,vww,historical_O3,True,267848,39188,31676,6092,20228,5356,338712,,,,,30c1f9fb2dd7ac684e8e513571fb37cf74714ff15addc03551111732eb888e24,build-e8-et-tiny-artifacts-v4,export_selected_cortex_m,21.426761674999998,8570704.67,96412,historical_e8_400mhz_logging_on,,,,,,
TFLM,ad,historical_O3,True,276976,16652,14788,4292,10224,272,308416,,,,,d5eb8c46cda00c83432abedd6245c413a30737eade2569b6c0ee5f469d8f7814,build-e8-tflm-tiny-artifacts,generic,1.2028030666666667,481121.2266666667,9876,historical_e8_400mhz_logging_on,,,,,,
ExecuTorch,ad,historical_O3,True,279968,39188,4904,584,1552,2768,324060,,,,,afe37f244faa86b4cecc0511b5b4e6fd3b2de3326933ff5bdc261cd47f2beea0,build-e8-et-tiny-artifacts-v4,export_selected_cortex_m,1.2088006,483520.24,6248,historical_e8_400mhz_logging_on,,,,,,
