framework,model,profile,logging,model_bytes,core_bytes,operators_bytes,kernels_bytes,cmsis_nn_bytes,registry_bytes,model_operators_core_bytes,full_mram_bytes,excluded_support_bytes,model_sha256,firmware_sha256,elf_sha256,bundle,registration_policy,measurement_scope,mean_latency_ms,mean_cycles,accounted_inference_ram_bytes
TFLM,kws,latency,True,53936,11870,34154,10964,22648,542,99960,239092,139132,aeea436800704fce17b17292e4412630ad856e9d777c044c64ef748a880bd0ae,869fc9ff584a420249687eb56abe0331a856331900ba5dd9136d016b6c98bd7e,d65f9d405c428f22da5826956f0068868873be641347182edaf85242e7eb0c7d,build-e8-tflm-tiny-artifacts-v3,cmsis_nn_int8_when_compatible,current_flash_e8_rerun_pending,,,
TFLM,kws,size,False,53936,10548,31314,8190,22648,476,95798,222212,126414,aeea436800704fce17b17292e4412630ad856e9d777c044c64ef748a880bd0ae,cfc2dfbf92ccf7263d0a607e02a6e1fed9d8e89bd1556cfa7f88d7ad55f3bb59,a9dadc7dd5ee7b20d8bc5e42b49aea0679785a74bdf9a62a926ed49c1f3712e5,build-e8-tflm-tiny-artifacts-v3,cmsis_nn_int8_when_compatible,current_flash_e8_rerun_pending,,,
ExecuTorch,kws,latency,True,42800,23808,30802,7546,19420,3836,97410,254660,157250,c17e6b1755d07723478a2f998498903188e47ae11727bb195f4f35519c106596,a8654d2016ae971e8bdaada7894e604663e7cb6d5f425aeb3d921c824de1231e,236c83a1be37ee98828857b9a6c2e329d665a0cbfd446f46093abda60ab924b6,build-e8-et-tiny-artifacts-v5,export_selected_cortex_m,current_flash_e8_rerun_pending,,,
ExecuTorch,kws,size,False,42800,12398,26150,4366,19420,2364,81348,210660,129312,c17e6b1755d07723478a2f998498903188e47ae11727bb195f4f35519c106596,ed4172ba4de606368bb18fdfff87ced0da8f172c7ea6c7c46bd3f8dda2610b0f,dfaace960b20ef566537a5eeeba82f41e560cb97fb578a5acb68b3ad05e0c1dd,build-e8-et-tiny-artifacts-v5,export_selected_cortex_m,current_flash_e8_rerun_pending,,,
TFLM,ic,latency,True,98496,11860,28756,11666,16548,542,139112,278020,138908,3c002613d1b2475eb51dd78dfb85a546c8ae658dee71cf6ade43b022fe205415,fa349322cab8681a6ffa626be6d1a9d570a6d84de26540dc35f4cc68be80d7a0,0bfb6e4a3f99ea93ee4232afbb904c09a5c295a21de7e7f3fe39c20a5c14280d,build-e8-tflm-tiny-artifacts-v3,cmsis_nn_int8_when_compatible,current_flash_e8_rerun_pending,,,
TFLM,ic,size,False,98496,10538,26076,9052,16548,476,135110,261540,126430,3c002613d1b2475eb51dd78dfb85a546c8ae658dee71cf6ade43b022fe205415,3051154fa0d5491fdf06f9c1b9d7f59f2c94ab9bf53612bb3a455b40e5f07944,93d5850f45455b7beb0722b71a1c302aad71af9221d68214e07e77e42bdd9dd0,build-e8-tflm-tiny-artifacts-v3,cmsis_nn_int8_when_compatible,current_flash_e8_rerun_pending,,,
ExecuTorch,ic,latency,True,95896,23808,21794,5134,13380,3280,141498,304604,163106,f6b45275c23e058ad98466e585443ed9a37d71afca6b5468a902413ce4c29a40,13bf10b1c30d1b2b80f9f70856d9f6925eba8422195194e9998602cd5f554369,00623d25717b6cfb608480fe5592014b0814684e94554e6761807044912085ad,build-e8-et-tiny-artifacts-v5,export_selected_cortex_m,current_flash_e8_rerun_pending,,,
ExecuTorch,ic,size,False,95896,12398,18132,2698,13380,2054,126426,263356,136930,f6b45275c23e058ad98466e585443ed9a37d71afca6b5468a902413ce4c29a40,2f96c3adf5e18272ea2553cf4308655a3a58a09e5aefd1d05b943e8a13374966,36e1b1adc560014a78799bd5b2714a59cf809b35f48ab20731b3c567e846a2fb,build-e8-et-tiny-artifacts-v5,export_selected_cortex_m,current_flash_e8_rerun_pending,,,
TFLM,vww,latency,True,333288,11870,34154,10964,22648,542,379312,518444,139132,597a384c8c2c8a1276f04702f25013b7838f2f814f1ca7c174d295b73e3d6b7b,1aa71b6db5288bc25e9d650bc79b44b5b8c9b321ed16303cdff5456711414312,1c5a53c725426ce84915a35048a5fb0b37be20edca9460803ee7002a90df214b,build-e8-tflm-tiny-artifacts-v3,cmsis_nn_int8_when_compatible,current_flash_e8_rerun_pending,,,
TFLM,vww,size,False,333288,10548,31314,8190,22648,476,375150,501564,126414,597a384c8c2c8a1276f04702f25013b7838f2f814f1ca7c174d295b73e3d6b7b,731ea2570bdbca42baed9544e44c8c6a5a50d9f7bd8e242b72fb7031af8b3c57,ef5dc017326151bfa9f3cd77b8ddff0b2c27717103ecaa555b288756807145f4,build-e8-tflm-tiny-artifacts-v3,cmsis_nn_int8_when_compatible,current_flash_e8_rerun_pending,,,
ExecuTorch,vww,latency,True,267848,23808,28222,5534,19420,3268,319878,556940,237062,96a08cfe11bc319397c50b2f6472ab332cbe735d86d9c1ddf2dff9250dc89bf8,cc47c658dbac316eac17a8212b93c1382c15567829e2c35ac125153f205e2886,88d017abde717f5e8fdc6fe05e371178f057f4662020dca80b352b6d65275ed2,build-e8-et-tiny-artifacts-v5,export_selected_cortex_m,current_flash_e8_rerun_pending,,,
ExecuTorch,vww,size,False,267848,12398,24494,3030,19420,2044,304740,515404,210664,96a08cfe11bc319397c50b2f6472ab332cbe735d86d9c1ddf2dff9250dc89bf8,8548991e25f04737934842015a9629f5d601eb10993d3f256bb248f4ffefa165,45c6d2b99932fc74672a60824d6941a431939a82d569db65455d809a12749ebc,build-e8-et-tiny-artifacts-v5,export_selected_cortex_m,current_flash_e8_rerun_pending,,,
TFLM,ad,latency,True,276976,11030,8696,2734,5684,278,296702,430660,133958,87cf24194ef93d1d9b11a591d805526b98008e351655d29883c825c9c106ba24,0fb6aff1aeae67b92df5083a2f61ac592f9c7b8ef04992457d4b0ccc1b03184b,ab9ab99e15fe5853ff6f53de3c4991262d6b7a19311851f842e032df6511b65a,build-e8-tflm-tiny-artifacts-v3,cmsis_nn_int8_when_compatible,current_flash_e8_rerun_pending,,,
TFLM,ad,size,False,276976,9748,7978,2060,5684,234,294702,419444,124742,87cf24194ef93d1d9b11a591d805526b98008e351655d29883c825c9c106ba24,c084092aba8db274590cde93042b2e9b63eff0baef43c7e13d766b431b5d1bba,855b996391e7d496f393bc2861151a1a18213fea3f1de63d7712cf4b36abaeed,build-e8-tflm-tiny-artifacts-v3,cmsis_nn_int8_when_compatible,current_flash_e8_rerun_pending,,,
ExecuTorch,ad,latency,True,279968,23808,4040,456,1552,2032,307816,461092,153276,3c05f548efda4eba60dbf9b5c8cf514fd46ef664ab10690f9893a63720e3ccb6,f255fa53cc64a5e6809d5ea72bacbb593213504bf67d15446fe69740dec3423c,7b2594239173cd27b3dcd3e7aeb2ad0fb821848e7cc0a5a27ebe3736891881d1,build-e8-et-tiny-artifacts-v5,export_selected_cortex_m,current_flash_e8_rerun_pending,,,
ExecuTorch,ad,size,False,279968,12398,2924,280,1552,1092,295290,425700,130410,3c05f548efda4eba60dbf9b5c8cf514fd46ef664ab10690f9893a63720e3ccb6,3784f10edceb5052f2cbabaab735567fb284ecdd304b8795f1ec1e3f3a141f70,ae755373349ae7392204fe10398340fef5cb7a52fbdc6ab9092d1d4f51c72c1d,build-e8-et-tiny-artifacts-v5,export_selected_cortex_m,current_flash_e8_rerun_pending,,,
TFLM,kws,historical_O3,True,53936,18032,76880,18508,56776,1596,148848,,,,,d5bf4881707f14304ec04c721dd9ce9b1905a96c58ba64504e5d61a4524296c6,build-e8-tflm-tiny-artifacts,generic,historical_e8_400mhz_logging_on,6.0368991916666666,2414759.6766666668,28136
ExecuTorch,kws,historical_O3,True,42800,39188,35932,9740,20228,5964,117920,,,,,432e7f1014fbab647e700767ac1475ea4636e7d2e1730941c458db9c1eb2840e,build-e8-et-tiny-artifacts-v4,export_selected_cortex_m,historical_e8_400mhz_logging_on,6.339553191666667,2535821.276666667,49916
TFLM,ic,historical_O3,True,98496,17968,76604,31692,43312,1600,193068,,,,,8549a14b747bcba38f3e1d630151051466df1ee4dbd347fc082e86a4ab8aa863,build-e8-tflm-tiny-artifacts,generic,historical_e8_400mhz_logging_on,15.720398091666667,6288159.236666666,55816
ExecuTorch,ic,historical_O3,True,95896,39188,24652,5592,14156,4904,159736,,,,,f13d8ec853e141f52c3aa38aaa7f419568ddced23ab862ca4434a46f3c7419aa,build-e8-et-tiny-artifacts-v4,export_selected_cortex_m,historical_e8_400mhz_logging_on,15.172445224999999,6068978.09,59744
TFLM,vww,historical_O3,True,333288,18032,76880,18508,56776,1596,428200,,,,,31b5d9b1fa36ec78a9f2dca6b2fc1b0009023d57e9aa6847528f4c7d612bc834,build-e8-tflm-tiny-artifacts,generic,historical_e8_400mhz_logging_on,23.901726016666665,9560690.406666666,101560
ExecuTorch,vww,historical_O3,True,267848,39188,31676,6092,20228,5356,338712,,,,,30c1f9fb2dd7ac684e8e513571fb37cf74714ff15addc03551111732eb888e24,build-e8-et-tiny-artifacts-v4,export_selected_cortex_m,historical_e8_400mhz_logging_on,21.426761674999998,8570704.67,96412
TFLM,ad,historical_O3,True,276976,16652,14788,4292,10224,272,308416,,,,,d5eb8c46cda00c83432abedd6245c413a30737eade2569b6c0ee5f469d8f7814,build-e8-tflm-tiny-artifacts,generic,historical_e8_400mhz_logging_on,1.2028030666666667,481121.2266666667,9876
ExecuTorch,ad,historical_O3,True,279968,39188,4904,584,1552,2768,324060,,,,,afe37f244faa86b4cecc0511b5b4e6fd3b2de3326933ff5bdc261cd47f2beea0,build-e8-et-tiny-artifacts-v4,export_selected_cortex_m,historical_e8_400mhz_logging_on,1.2088006,483520.24,6248
