framework,model,profile,logging,model_bytes,core_bytes,operators_bytes,kernels_bytes,cmsis_nn_bytes,registry_bytes,model_operators_core_bytes,full_mram_bytes,excluded_support_bytes,model_sha256,firmware_sha256,elf_sha256,bundle,registration_policy,mean_latency_ms,mean_cycles,accounted_inference_ram_bytes,measurement_scope
TFLM,kws,latency,True,53936,11870,34154,10964,22648,542,99960,239092,139132,aeea436800704fce17b17292e4412630ad856e9d777c044c64ef748a880bd0ae,869fc9ff584a420249687eb56abe0331a856331900ba5dd9136d016b6c98bd7e,d65f9d405c428f22da5826956f0068868873be641347182edaf85242e7eb0c7d,build-e8-tflm-tiny-artifacts-v3,cmsis_nn_int8_when_compatible,,,,current_flash_e8_rerun_pending
TFLM,kws,size,False,53936,10548,31314,8190,22648,476,95798,222212,126414,aeea436800704fce17b17292e4412630ad856e9d777c044c64ef748a880bd0ae,cfc2dfbf92ccf7263d0a607e02a6e1fed9d8e89bd1556cfa7f88d7ad55f3bb59,a9dadc7dd5ee7b20d8bc5e42b49aea0679785a74bdf9a62a926ed49c1f3712e5,build-e8-tflm-tiny-artifacts-v3,cmsis_nn_int8_when_compatible,,,,current_flash_e8_rerun_pending
ExecuTorch,kws,latency,True,42416,23808,28222,5534,19420,3268,94446,249044,154598,333c377efb3722f72c50f3afa2c680b87bb43669afc3302d6402c4ad06b99825,f8d2b95cf5312ee44594d3e1184876ff0801fe8b787c4dfd06c74680f80885ad,12a9b8afa5d4097074a9cffa49a6114b26d2a68849fbea70b20106178122b411,build-e8-et-tiny-artifacts-v6,export_selected_cortex_m,,,,current_flash_e8_rerun_pending
ExecuTorch,kws,size,False,42416,12398,24494,3030,19420,2044,79308,207508,128200,333c377efb3722f72c50f3afa2c680b87bb43669afc3302d6402c4ad06b99825,5a074cd04c083ca16e47cfd6b44459f6397466d45a231e8eb3b35f670bcfe381,779f8b638f62243fdcebdcdc113f2e048d0fba3341940b47b7bb5b45e4de1d9c,build-e8-et-tiny-artifacts-v6,export_selected_cortex_m,,,,current_flash_e8_rerun_pending
TFLM,ic,latency,True,98496,11860,28756,11666,16548,542,139112,278020,138908,3c002613d1b2475eb51dd78dfb85a546c8ae658dee71cf6ade43b022fe205415,fa349322cab8681a6ffa626be6d1a9d570a6d84de26540dc35f4cc68be80d7a0,0bfb6e4a3f99ea93ee4232afbb904c09a5c295a21de7e7f3fe39c20a5c14280d,build-e8-tflm-tiny-artifacts-v3,cmsis_nn_int8_when_compatible,,,,current_flash_e8_rerun_pending
TFLM,ic,size,False,98496,10538,26076,9052,16548,476,135110,261540,126430,3c002613d1b2475eb51dd78dfb85a546c8ae658dee71cf6ade43b022fe205415,3051154fa0d5491fdf06f9c1b9d7f59f2c94ab9bf53612bb3a455b40e5f07944,93d5850f45455b7beb0722b71a1c302aad71af9221d68214e07e77e42bdd9dd0,build-e8-tflm-tiny-artifacts-v3,cmsis_nn_int8_when_compatible,,,,current_flash_e8_rerun_pending
ExecuTorch,ic,latency,True,96152,23808,21794,5134,13380,3280,141754,298684,156930,59ac303b4f51db427c6cbccc3a628e65361202d8c93ce8580febbd5072ff74ba,cc18f69d1afd32c1237d66f17000a8f90eeb6b651e50b4cf3f6616f5b7d2693c,385a2180324f1c12cda9a26d056b83727455111930c96e5f616cd2a6419b5d76,build-e8-et-tiny-artifacts-v6,export_selected_cortex_m,,,,current_flash_e8_rerun_pending
ExecuTorch,ic,size,False,96152,12398,18132,2698,13380,2054,126682,257436,130754,59ac303b4f51db427c6cbccc3a628e65361202d8c93ce8580febbd5072ff74ba,1da52bd1bc4bfe11e0bc2e3c0476b237e0954054689d9c462c3f09b0aef1bc96,6ce6225b0a8b627e78c568984bcb14b7142261972c43de38926a738b545a86c6,build-e8-et-tiny-artifacts-v6,export_selected_cortex_m,,,,current_flash_e8_rerun_pending
TFLM,vww,latency,True,333288,11870,34154,10964,22648,542,379312,518444,139132,597a384c8c2c8a1276f04702f25013b7838f2f814f1ca7c174d295b73e3d6b7b,1aa71b6db5288bc25e9d650bc79b44b5b8c9b321ed16303cdff5456711414312,1c5a53c725426ce84915a35048a5fb0b37be20edca9460803ee7002a90df214b,build-e8-tflm-tiny-artifacts-v3,cmsis_nn_int8_when_compatible,,,,current_flash_e8_rerun_pending
TFLM,vww,size,False,333288,10548,31314,8190,22648,476,375150,501564,126414,597a384c8c2c8a1276f04702f25013b7838f2f814f1ca7c174d295b73e3d6b7b,731ea2570bdbca42baed9544e44c8c6a5a50d9f7bd8e242b72fb7031af8b3c57,ef5dc017326151bfa9f3cd77b8ddff0b2c27717103ecaa555b288756807145f4,build-e8-tflm-tiny-artifacts-v3,cmsis_nn_int8_when_compatible,,,,current_flash_e8_rerun_pending
ExecuTorch,vww,latency,True,270792,23808,28222,5534,19420,3268,322822,504572,181750,65a207a5b9218f0604e83390e01e603066602b61443164879991ca4acd73ee5e,7ee641ecd5c55d54239a8b46e4a82c4872e1681e64e92e3c6e95c32ae9e1290d,e9222210212166455a32e0d3b66f323434b2695f9a4c847dae3615c5eebd72c2,build-e8-et-tiny-artifacts-v6,export_selected_cortex_m,,,,current_flash_e8_rerun_pending
ExecuTorch,vww,size,False,270792,12398,24494,3030,19420,2044,307684,463036,155352,65a207a5b9218f0604e83390e01e603066602b61443164879991ca4acd73ee5e,868361297ce1e531cd3100f8962de8bd3fdbe8f78a59838da8a2e29dfec081f1,aacb7482c26495d680e80f2bfc6756f1586745acda69c118c9cb51356626c1a0,build-e8-et-tiny-artifacts-v6,export_selected_cortex_m,,,,current_flash_e8_rerun_pending
TFLM,ad,latency,True,276976,11030,8696,2734,5684,278,296702,430660,133958,87cf24194ef93d1d9b11a591d805526b98008e351655d29883c825c9c106ba24,0fb6aff1aeae67b92df5083a2f61ac592f9c7b8ef04992457d4b0ccc1b03184b,ab9ab99e15fe5853ff6f53de3c4991262d6b7a19311851f842e032df6511b65a,build-e8-tflm-tiny-artifacts-v3,cmsis_nn_int8_when_compatible,,,,current_flash_e8_rerun_pending
TFLM,ad,size,False,276976,9748,7978,2060,5684,234,294702,419444,124742,87cf24194ef93d1d9b11a591d805526b98008e351655d29883c825c9c106ba24,c084092aba8db274590cde93042b2e9b63eff0baef43c7e13d766b431b5d1bba,855b996391e7d496f393bc2861151a1a18213fea3f1de63d7712cf4b36abaeed,build-e8-tflm-tiny-artifacts-v3,cmsis_nn_int8_when_compatible,,,,current_flash_e8_rerun_pending
ExecuTorch,ad,latency,True,279968,23808,4040,456,1552,2032,307816,458500,150684,5e35dd811a1c4626db316bdf0fcf462803e967914f00acf99a4eeabd7a19a4cb,bb3cb9a483d11b6a33c2c095f9f53fa9fd99d7bf359d940734d846c7ef38d30e,2776d46f11a40afe1dbf9b01f12b260d7ab5bdf2179b60d952a018a4df27a9a5,build-e8-et-tiny-artifacts-v6,export_selected_cortex_m,,,,current_flash_e8_rerun_pending
ExecuTorch,ad,size,False,279968,12398,2924,280,1552,1092,295290,423108,127818,5e35dd811a1c4626db316bdf0fcf462803e967914f00acf99a4eeabd7a19a4cb,cdffd15f9e2e76cfbd61e3945584a8384ab604adf3bcf628a4a2a74d3753bda7,2ad46a46e09a8851233386597fbf0d1a59b960d2e04defcd179e47fe05ae5928,build-e8-et-tiny-artifacts-v6,export_selected_cortex_m,,,,current_flash_e8_rerun_pending
